Ano,PIB_Nominal_Millones,Indice_Base_2018,Inflacion_Anual_%,Indice_Precios,PIB_Real_Millones,Crecimiento_Nominal_%,Crecimiento_Real_%,Brecha_Inflacionaria
2018,984775.1423745854,98.47751423745854,2.0,100.0,984775.1423745854,,,
2019,1037040.3685036317,103.70403685036317,2.2,102.2,1014716.6032325162,5.307325894012638,3.040436295511384,2.266889598501254
2020,966940.8339044718,96.69408339044718,0.9,103.1198,937686.8786639151,-6.75957626416298,-7.591254969438022,0.8316787052750412
2021,1082781.3163665025,108.27813163665026,3.3,106.52275339999998,1016478.9040897085,11.98010037431878,8.40280771957287,3.5772926547459107
2022,1157490.7838433222,115.74907838433221,8.3,115.36414193219998,1003336.7079725559,6.899774344788545,-1.2929138090595038,8.19268815384805
2023,1181179.1187556847,118.11791187556847,7.8,124.36254500291159,949786.8660761411,2.0465247104350937,-5.337175593288423,7.383700303723517
2024,1240167.5344324189,124.01675344324188,4.9,130.45630970805425,950638.2153594309,4.99402797933608,0.08963582396195324,4.9043921553741265
2025,1272305.7622761864,127.23057622761863,1.8,132.80452328279924,958028.9366853024,2.591442442369374,0.7774483716791458,1.813994070690228
